,$schema,meta,id,type,namespace,title,comment,timestamp,user,log_id,log_type,log_action,log_params,log_action_comment,server_url,server_name,server_script_path,wiki,parsedcomment,minor,patrolled,length,revision,bot
0,/mediawiki/recentchange/1.0.0,"{'uri': 'https://en.wikipedia.org/wiki/User:41.155.9.82', 'request_id': '3b0f6d02-81bb-4def-bbf4-729ca04eae99', 'id': '5f4547fe-8b39-4118-8ce4-e5402b73d78c', 'dt': '2021-10-06T13:27:35Z', 'domain': 'en.wikipedia.org', 'stream': 'mediawiki.recentchange', 'topic': 'eqiad.mediawiki.recentchange', 'partition': 0, 'offset': 3347613054}",1430186580.0,log,2,User:41.155.9.82,{{blocked p2p proxy|ip=41.155.9.82|isp=Fixed-Broadband-dynamic}} <!-- API-confirmed P2P VPN -->,1633526855,ST47ProxyBot,122426220.0,block,block,"{'duration': '71 hours', 'flags': 'nocreate', 'sitewide': True}",blocked User:41.155.9.82 (account creation blocked) with an expiry time of 2 days and 23 hours: {{blocked p2p proxy|ip=41.155.9.82|isp=Fixed-Broadband-dynamic}} <!-- API-confirmed P2P VPN -->,https://en.wikipedia.org,en.wikipedia.org,/w,enwiki,{{blocked p2p proxy|ip=41.155.9.82|isp=Fixed-Broadband-dynamic}} &lt;!-- API-confirmed P2P VPN --&gt;,,,,,True
1,/mediawiki/recentchange/1.0.0,"{'uri': 'https://www.wikidata.org/wiki/Q17478814', 'request_id': 'bb6d0810-b603-41fd-9589-9d8b1d94d9f9', 'id': '8cbe0e4a-502b-41b7-9fe2-0c5be60e4b8e', 'dt': '2021-10-06T13:27:34Z', 'domain': 'www.wikidata.org', 'stream': 'mediawiki.recentchange', 'topic': 'eqiad.mediawiki.recentchange', 'partition': 0, 'offset': 3347613055}",1556012971.0,edit,0,Q17478814,/* wbsetsitelink-add:1|commonswiki */ Category:The Still Alarm (1926 film),1633526854,Deanlaw,,,,,,https://www.wikidata.org,www.wikidata.org,/w,wikidatawiki,"‎<span dir=""auto""><span class=""autocomment"">Added link to [commonswiki]: </span></span> Category:The Still Alarm (1926 film)",False,True,"{'old': 18319, 'new': 18449}","{'old': 1447448374, 'new': 1508596930}",False
2,/mediawiki/recentchange/1.0.0,"{'uri': 'https://en.wikipedia.org/wiki/User:103.108.61.85', 'request_id': 'e88baeac-77f0-4344-ab04-ac86fc60ead5', 'id': 'dac47789-ebbc-440d-aa96-32a3386735b3', 'dt': '2021-10-06T13:27:34Z', 'domain': 'en.wikipedia.org', 'stream': 'mediawiki.recentchange', 'topic': 'eqiad.mediawiki.recentchange', 'partition': 0, 'offset': 3347613056}",1430186582.0,log,2,User:103.108.61.85,{{blocked p2p proxy|ip=103.108.61.85|isp=INCOMIT SOLUTION}} <!-- API-confirmed P2P VPN -->,1633526854,ST47ProxyBot,122426218.0,block,block,"{'duration': '71 hours', 'flags': 'nocreate', 'sitewide': True}",blocked User:103.108.61.85 (account creation blocked) with an expiry time of 2 days and 23 hours: {{blocked p2p proxy|ip=103.108.61.85|isp=INCOMIT SOLUTION}} <!-- API-confirmed P2P VPN -->,https://en.wikipedia.org,en.wikipedia.org,/w,enwiki,{{blocked p2p proxy|ip=103.108.61.85|isp=INCOMIT SOLUTION}} &lt;!-- API-confirmed P2P VPN --&gt;,,,,,True
3,/mediawiki/recentchange/1.0.0,"{'uri': 'https://www.wikidata.org/wiki/Q3501934', 'request_id': 'c3332b1d-76d6-4a09-9e39-3ce5ae42ffd2', 'id': 'b07b0a83-aa51-4162-9337-6a251a5e1599', 'dt': '2021-10-06T13:27:34Z', 'domain': 'www.wikidata.org', 'stream': 'mediawiki.recentchange', 'topic': 'eqiad.mediawiki.recentchange', 'partition': 0, 'offset': 3347613057}",1556012972.0,edit,0,Q3501934,"/* wbsetdescription-add:1|yo */ agbábọ́ọ̀lù ọmọ orílẹ èdè Faransé, [[:toollabs:quickstatements/#/batch/66802|batch #66802]]",1633526854,T Cells,,,,,,https://www.wikidata.org,www.wikidata.org,/w,wikidatawiki,"‎<span dir=""auto""><span class=""autocomment"">Added [yo] description: </span></span> agbábọ́ọ̀lù ọmọ orílẹ èdè Faransé, <a href=""https://iw.toolforge.org/quickstatements/#.2Fbatch.2F66802"" class=""extiw"" title=""toollabs:quickstatements/"">batch #66802</a>",False,True,"{'old': 26326, 'new': 26436}","{'old': 1508596926, 'new': 1508596929}",False
4,/mediawiki/recentchange/1.0.0,"{'uri': 'https://www.wikidata.org/wiki/Q38491095', 'request_id': '45c230e5-3573-469a-8640-b4ce0a744669', 'id': '8545986f-b1d7-47eb-bb73-9d435726afc5', 'dt': '2021-10-06T13:27:34Z', 'domain': 'www.wikidata.org', 'stream': 'mediawiki.recentchange', 'topic': 'eqiad.mediawiki.recentchange', 'partition': 0, 'offset': 3347613058}",1556012973.0,edit,0,Q38491095,"/* wbeditentity-update-languages-short:0||nl */ nl-description, [[User:Edoderoobot/Set-nl-description|python code]] -",1633526854,Edoderoobot,,,,,,https://www.wikidata.org,www.wikidata.org,/w,wikidatawiki,"‎<span dir=""auto""><span class=""autocomment"">Changed label, description and/or aliases in nl: </span></span> nl-description, <a href=""/wiki/User:Edoderoobot/Set-nl-description"" title=""User:Edoderoobot/Set-nl-description"">python code</a> -",False,True,"{'old': 61731, 'new': 61919}","{'old': 1427172934, 'new': 1508596931}",True
5,/mediawiki/recentchange/1.0.0,"{'uri': 'https://commons.wikimedia.org/wiki/File:Arnold_House,_Violet_Lane_-_geograph.org.uk_-_2723811.jpg', 'request_id': '2faa05c4-c8e2-4ec4-8668-afc497a03db4', 'id': '858c0f19-2dca-42f2-9a9a-41e43c4cff04', 'dt': '2021-10-06T13:27:33Z', 'domain': 'commons.wikimedia.org', 'stream': 'mediawiki.recentchange', 'topic': 'eqiad.mediawiki.recentchange', 'partition': 0, 'offset': 3347613059}",1784022709.0,edit,6,"File:Arnold House, Violet Lane - geograph.org.uk - 2723811.jpg",/* wbeditentity-update-languages-and-other-short:0||en */ Adding structured data to this newly uploaded geograph.org.uk image,1633526853,GeographBot,,,,,,https://commons.wikimedia.org,commons.wikimedia.org,/w,commonswiki,"‎<span dir=""auto""><span class=""autocomment"">Changed label, description and/or aliases in en, and other parts: </span></span> Adding structured data to this newly uploaded geograph.org.uk image",False,True,"{'old': 72, 'new': 7791}","{'old': 596097076, 'new': 596097097}",True
6,/mediawiki/recentchange/1.0.0,"{'uri': 'https://www.wikidata.org/wiki/Q1769581', 'request_id': '2309b929-76d4-4e9c-b657-bcc1a8288a52', 'id': 'e55e0d5c-daf7-4563-8856-7d37e57713fe', 'dt': '2021-10-06T13:27:34Z', 'domain': 'www.wikidata.org', 'stream': 'mediawiki.recentchange', 'topic': 'eqiad.mediawiki.recentchange', 'partition': 0, 'offset': 3347613060}",1556012975.0,edit,0,Q1769581,"/* wbsetreference-add:2| */ [[Property:P214]]: 187307263, [[Wikidata:Requests_for_permissions/Bot/Soweego_bot_2|bot task 2]] with extra P887 and catalog ID reference",1633526854,Soweego bot,,,,,,https://www.wikidata.org,www.wikidata.org,/w,wikidatawiki,"‎<span dir=""auto""><span class=""autocomment"">Added reference to claim: </span></span> <a href=""/wiki/Property:P214"" title=""Property:P214"">Property:P214</a>: 187307263, <a href=""/wiki/Wikidata:Requests_for_permissions/Bot/Soweego_bot_2"" title=""Wikidata:Requests for permissions/Bot/Soweego bot 2"">bot task 2</a> with extra P887 and catalog ID reference",False,True,"{'old': 25176, 'new': 26561}","{'old': 1458235046, 'new': 1508596928}",True
7,/mediawiki/recentchange/1.0.0,"{'uri': 'https://www.wikidata.org/wiki/Q108748375', 'request_id': 'a3ea49b0-0549-47a9-a86f-00729768d04e', 'id': '421bbd70-5ecf-45f4-90e4-d4f4f905ce4e', 'dt': '2021-10-06T13:27:34Z', 'domain': 'www.wikidata.org', 'stream': 'mediawiki.recentchange', 'topic': 'eqiad.mediawiki.recentchange', 'partition': 0, 'offset': 3347613061}",1556012974.0,edit,0,Q108748375,"/* wbsetqualifier-add:1| */ [[Property:P1352]]: 8, #quickstatements; #temporary_batch_1633526795073",1633526854,Repf72,,,,,,https://www.wikidata.org,www.wikidata.org,/w,wikidatawiki,"‎<span dir=""auto""><span class=""autocomment"">Calificativo añadido: </span></span> <a href=""/wiki/Property:P1352"" title=""Property:P1352"">Property:P1352</a>: 8, #quickstatements; #temporary_batch_1633526795073",False,True,"{'old': 17580, 'new': 17844}","{'old': 1508596916, 'new': 1508596927}",False
8,/mediawiki/recentchange/1.0.0,"{'uri': 'https://en.wikipedia.org/wiki/User:109.52.216.153', 'request_id': '2557b7fd-bdc6-4fdd-a953-d39c1b628bef', 'id': 'd7e2e585-e6b6-47c5-8755-707f565022f1', 'dt': '2021-10-06T13:27:34Z', 'domain': 'en.wikipedia.org', 'stream': 'mediawiki.recentchange', 'topic': 'eqiad.mediawiki.recentchange', 'partition': 0, 'offset': 3347613062}",1430186581.0,log,2,User:109.52.216.153,{{blocked p2p proxy|ip=109.52.216.153|isp=Telecom Italia Mobile}} <!-- API-confirmed P2P VPN -->,1633526854,ST47ProxyBot,122426217.0,block,block,"{'duration': '71 hours', 'flags': 'nocreate', 'sitewide': True}",blocked User:109.52.216.153 (account creation blocked) with an expiry time of 2 days and 23 hours: {{blocked p2p proxy|ip=109.52.216.153|isp=Telecom Italia Mobile}} <!-- API-confirmed P2P VPN -->,https://en.wikipedia.org,en.wikipedia.org,/w,enwiki,{{blocked p2p proxy|ip=109.52.216.153|isp=Telecom Italia Mobile}} &lt;!-- API-confirmed P2P VPN --&gt;,,,,,True
9,/mediawiki/recentchange/1.0.0,"{'uri': 'https://en.wikipedia.org/wiki/User:197.251.159.181', 'request_id': '67459aff-9fcf-495d-a6cd-a6a548e988da', 'id': '3bd53212-cb0c-4080-b679-d8dbff1856e8', 'dt': '2021-10-06T13:27:35Z', 'domain': 'en.wikipedia.org', 'stream': 'mediawiki.recentchange', 'topic': 'eqiad.mediawiki.recentchange', 'partition': 0, 'offset': 3347613063}",1430186585.0,log,2,User:197.251.159.181,{{blocked p2p proxy|ip=197.251.159.181|isp=Vodafone Ghana ADSL DHCP Pool IP Addresses}} <!-- API-confirmed P2P VPN -->,1633526855,ST47ProxyBot,122426221.0,block,block,"{'duration': '71 hours', 'flags': 'nocreate', 'sitewide': True}",blocked User:197.251.159.181 (account creation blocked) with an expiry time of 2 days and 23 hours: {{blocked p2p proxy|ip=197.251.159.181|isp=Vodafone Ghana ADSL DHCP Pool IP Addresses}} <!-- API-confirmed P2P VPN -->,https://en.wikipedia.org,en.wikipedia.org,/w,enwiki,{{blocked p2p proxy|ip=197.251.159.181|isp=Vodafone Ghana ADSL DHCP Pool IP Addresses}} &lt;!-- API-confirmed P2P VPN --&gt;,,,,,True
10,/mediawiki/recentchange/1.0.0,"{'uri': 'https://en.wikipedia.org/wiki/Maurice_Ager', 'request_id': 'e19826d4-d10d-43aa-872a-be22d42e6330', 'id': 'ceafe281-72a7-4351-b764-ee624afb5b0d', 'dt': '2021-10-06T13:27:31Z', 'domain': 'en.wikipedia.org', 'stream': 'mediawiki.recentchange', 'topic': 'eqiad.mediawiki.recentchange', 'partition': 0, 'offset': 3347613064}",1430186584.0,edit,0,Maurice Ager,Remove copyright violation from https://ericzuley.wordpress.com/2013/05/14/moe-ager-magic-with-sports-and-music-on-ez-way-broadcasting/,1633526851,Eviolite,,,,,,https://en.wikipedia.org,en.wikipedia.org,/w,enwiki,Remove copyright violation from https://ericzuley.wordpress.com/2013/05/14/moe-ager-magic-with-sports-and-music-on-ez-way-broadcasting/,False,,"{'old': 12658, 'new': 12116}","{'old': 1048487448, 'new': 1048526040}",False
11,/mediawiki/recentchange/1.0.0,"{'uri': 'https://en.wikipedia.org/wiki/Category:Use_mdy_dates_from_October_2021', 'request_id': '1cd4c1c3-bc89-4b8f-a3c6-2c2f7bb832ef', 'id': 'a3f4028e-c086-47b6-93ee-9c4eae6725ac', 'dt': '2021-10-06T13:27:31Z', 'domain': 'en.wikipedia.org', 'stream': 'mediawiki.recentchange', 'topic': 'eqiad.mediawiki.recentchange', 'partition': 0, 'offset': 3347613065}",1430186583.0,categorize,14,Category:Use mdy dates from October 2021,"[[:Riders of the Sage]] added to category, [[Special:WhatLinksHere/Riders of the Sage|this page is included within other pages]]",1633526851,No Great Shaker,,,,,,https://en.wikipedia.org,en.wikipedia.org,/w,enwiki,"<a href=""/wiki/Riders_of_the_Sage"" title=""Riders of the Sage"">Riders of the Sage</a> added to category, <a href=""/wiki/Special:WhatLinksHere/Riders_of_the_Sage"" title=""Special:WhatLinksHere/Riders of the Sage"">this page is included within other pages</a>",,,,,False
12,/mediawiki/recentchange/1.0.0,"{'uri': 'https://www.wikidata.org/wiki/Q35913617', 'request_id': 'fe317cef-2b48-4ed0-83dc-85282f2fc866', 'id': '8f8cff2e-326a-4761-b7ac-8789126a8848', 'dt': '2021-10-06T13:27:35Z', 'domain': 'www.wikidata.org', 'stream': 'mediawiki.recentchange', 'topic': 'eqiad.mediawiki.recentchange', 'partition': 0, 'offset': 3347613066}",1556012978.0,edit,0,Q35913617,/* wbeditentity-update:0| */ Added [[Property:P921]]: [[Q1810913]] with [[Wikidata:Tools/ItemSubjector]] ([[:toolforge:editgroups/b/CB/185630be1f27|details]]),1633526855,So9q,,,,,,https://www.wikidata.org,www.wikidata.org,/w,wikidatawiki,"‎<span dir=""auto""><span class=""autocomment"">Updated Item: </span></span> Added <a href=""/wiki/Property:P921"" title=""Property:P921"">Property:P921</a>: <a href=""/wiki/Q1810913"" title=""Q1810913"">Q1810913</a> with <a href=""/wiki/Wikidata:Tools/ItemSubjector"" title=""Wikidata:Tools/ItemSubjector"">Wikidata:Tools/ItemSubjector</a> (<a href=""https://iw.toolforge.org/editgroups/b/CB/185630be1f27"" class=""extiw"" title=""toolforge:editgroups/b/CB/185630be1f27"">details</a>)",False,True,"{'old': 84045, 'new': 84927}","{'old': 1398899504, 'new': 1508596935}",False
13,/mediawiki/recentchange/1.0.0,"{'uri': 'https://commons.wikimedia.org/wiki/File:Salem_Female_Academy_and_College_Catalogs_(1890-1905)_-_DPLA_-_921980425b1a92e8cc662936145705c8_(page_432).jpg', 'request_id': '2ff19e65-cff6-4e4b-be58-00aef64feaa3', 'id': 'a2bfa378-8d5e-4aca-a5bd-15d6420cffe3', 'dt': '2021-10-06T13:27:32Z', 'domain': 'commons.wikimedia.org', 'stream': 'mediawiki.recentchange', 'topic': 'eqiad.mediawiki.recentchange', 'partition': 0, 'offset': 3347613067}",1784022710.0,edit,6,File:Salem Female Academy and College Catalogs (1890-1905) - DPLA - 921980425b1a92e8cc662936145705c8 (page 432).jpg,/* wbeditentity-update:0| */ Added structured data claims from DPLA item '921980425b1a92e8cc662936145705c8'. [[COM:DPLA/MOD|Leave feedback]]!,1633526852,DPLA bot,,,,,,https://commons.wikimedia.org,commons.wikimedia.org,/w,commonswiki,"‎<span dir=""auto""><span class=""autocomment"">Changed an entity: </span></span> Added structured data claims from DPLA item &#039;921980425b1a92e8cc662936145705c8&#039;. <a href=""/wiki/Commons:DPLA/MOD"" class=""mw-redirect"" title=""Commons:DPLA/MOD"">Leave feedback</a>!",False,True,"{'old': 3057, 'new': 10281}","{'old': 584391510, 'new': 596097094}",True
14,/mediawiki/recentchange/1.0.0,"{'uri': 'https://www.wikidata.org/wiki/Q3501941', 'request_id': 'e6f7d9fc-03f4-4ada-9ef4-7281a6b0adea', 'id': '8612aa6a-8cc5-4d09-ab47-10e12337ab74', 'dt': '2021-10-06T13:27:35Z', 'domain': 'www.wikidata.org', 'stream': 'mediawiki.recentchange', 'topic': 'eqiad.mediawiki.recentchange', 'partition': 0, 'offset': 3347613068}",1556012979.0,edit,0,Q3501941,"/* wbsetlabel-add:1|yo */ Stéphane Maurel, [[:toollabs:quickstatements/#/batch/66802|batch #66802]]",1633526855,T Cells,,,,,,https://www.wikidata.org,www.wikidata.org,/w,wikidatawiki,"‎<span dir=""auto""><span class=""autocomment"">Added [yo] label: </span></span> Stéphane Maurel, <a href=""https://iw.toolforge.org/quickstatements/#.2Fbatch.2F66802"" class=""extiw"" title=""toollabs:quickstatements/"">batch #66802</a>",False,True,"{'old': 19600, 'new': 19675}","{'old': 1411259797, 'new': 1508596936}",False
15,/mediawiki/recentchange/1.0.0,"{'uri': 'https://en.wikipedia.org/wiki/User:102.67.29.216', 'request_id': '2e9e4ef3-806b-49c5-aabb-74822368cffc', 'id': '3ac3ce25-b22a-4335-8809-adaff474daef', 'dt': '2021-10-06T13:27:35Z', 'domain': 'en.wikipedia.org', 'stream': 'mediawiki.recentchange', 'topic': 'eqiad.mediawiki.recentchange', 'partition': 0, 'offset': 3347613069}",1430186586.0,log,2,User:102.67.29.216,{{blocked p2p proxy|ip=102.67.29.216|isp=FIBERONE-BROADBAND-SANGO}} <!-- API-confirmed P2P VPN -->,1633526855,ST47ProxyBot,122426222.0,block,block,"{'duration': '71 hours', 'flags': 'nocreate', 'sitewide': True}",blocked User:102.67.29.216 (account creation blocked) with an expiry time of 2 days and 23 hours: {{blocked p2p proxy|ip=102.67.29.216|isp=FIBERONE-BROADBAND-SANGO}} <!-- API-confirmed P2P VPN -->,https://en.wikipedia.org,en.wikipedia.org,/w,enwiki,{{blocked p2p proxy|ip=102.67.29.216|isp=FIBERONE-BROADBAND-SANGO}} &lt;!-- API-confirmed P2P VPN --&gt;,,,,,True
16,/mediawiki/recentchange/1.0.0,"{'uri': 'https://www.wikidata.org/wiki/Q3501934', 'request_id': '4dacb61a-070e-4f50-a26a-5375db1fc9e7', 'id': '66b243cf-ea57-43a6-855b-084ba055bfe1', 'dt': '2021-10-06T13:27:34Z', 'domain': 'www.wikidata.org', 'stream': 'mediawiki.recentchange', 'topic': 'eqiad.mediawiki.recentchange', 'partition': 0, 'offset': 3347613070}",1556012970.0,edit,0,Q3501934,"/* wbsetlabel-add:1|yo */ Stéphane Mangione, [[:toollabs:quickstatements/#/batch/66802|batch #66802]]",1633526854,T Cells,,,,,,https://www.wikidata.org,www.wikidata.org,/w,wikidatawiki,"‎<span dir=""auto""><span class=""autocomment"">Added [yo] label: </span></span> Stéphane Mangione, <a href=""https://iw.toolforge.org/quickstatements/#.2Fbatch.2F66802"" class=""extiw"" title=""toollabs:quickstatements/"">batch #66802</a>",False,True,"{'old': 26249, 'new': 26326}","{'old': 1412172566, 'new': 1508596926}",False
17,/mediawiki/recentchange/1.0.0,"{'uri': 'https://www.wikidata.org/wiki/Q3501937', 'request_id': 'f3913085-b20e-4788-9e96-d7a8f44c990f', 'id': '92ad76e4-695d-49f4-9a82-f674c3f6a363', 'dt': '2021-10-06T13:27:35Z', 'domain': 'www.wikidata.org', 'stream': 'mediawiki.recentchange', 'topic': 'eqiad.mediawiki.recentchange', 'partition': 0, 'offset': 3347613071}",1556012976.0,edit,0,Q3501937,"/* wbsetdescription-add:1|yo */ agbábọ́ọ̀lù ọmọ orílẹ èdè Faransé, [[:toollabs:quickstatements/#/batch/66802|batch #66802]]",1633526855,T Cells,,,,,,https://www.wikidata.org,www.wikidata.org,/w,wikidatawiki,"‎<span dir=""auto""><span class=""autocomment"">Added [yo] description: </span></span> agbábọ́ọ̀lù ọmọ orílẹ èdè Faransé, <a href=""https://iw.toolforge.org/quickstatements/#.2Fbatch.2F66802"" class=""extiw"" title=""toollabs:quickstatements/"">batch #66802</a>",False,True,"{'old': 16427, 'new': 16537}","{'old': 1508596932, 'new': 1508596934}",False
18,/mediawiki/recentchange/1.0.0,"{'uri': 'https://commons.wikimedia.org/wiki/File:Chidori-cho_,_Kawasaki_-_panoramio_(1).jpg', 'request_id': 'c7fe4513-db66-46e5-9d8e-e1c6955210b3', 'id': 'b13022f5-9990-4813-a985-b9200142a917', 'dt': '2021-10-06T13:27:33Z', 'domain': 'commons.wikimedia.org', 'stream': 'mediawiki.recentchange', 'topic': 'eqiad.mediawiki.recentchange', 'partition': 0, 'offset': 3347613072}",1784022711.0,edit,6,"File:Chidori-cho , Kawasaki - panoramio (1).jpg",/* wbeditentity-update:0| */ automatically modify [[Commons:Structured data|structured data]] based on file information: meta,1633526853,SchlurcherBot,,,,,,https://commons.wikimedia.org,commons.wikimedia.org,/w,commonswiki,"‎<span dir=""auto""><span class=""autocomment"">Ein Objekt geändert: </span></span> automatically modify <a href=""/wiki/Commons:Structured_data"" title=""Commons:Structured data"">structured data</a> based on file information: meta",False,True,"{'old': 5523, 'new': 7568}","{'old': 473861511, 'new': 596097095}",True
19,/mediawiki/recentchange/1.0.0,"{'uri': 'https://www.wikidata.org/wiki/Q3501937', 'request_id': '4566d183-d471-4bf9-b06d-4aeadd789e82', 'id': '8078e1b4-4dc0-4122-add0-dc3a29fad79b', 'dt': '2021-10-06T13:27:34Z', 'domain': 'www.wikidata.org', 'stream': 'mediawiki.recentchange', 'topic': 'eqiad.mediawiki.recentchange', 'partition': 0, 'offset': 3347613073}",1556012977.0,edit,0,Q3501937,"/* wbsetlabel-add:1|yo */ Stéphane Marseille, [[:toollabs:quickstatements/#/batch/66802|batch #66802]]",1633526854,T Cells,,,,,,https://www.wikidata.org,www.wikidata.org,/w,wikidatawiki,"‎<span dir=""auto""><span class=""autocomment"">Added [yo] label: </span></span> Stéphane Marseille, <a href=""https://iw.toolforge.org/quickstatements/#.2Fbatch.2F66802"" class=""extiw"" title=""toollabs:quickstatements/"">batch #66802</a>",False,True,"{'old': 16349, 'new': 16427}","{'old': 1411284023, 'new': 1508596932}",False
20,/mediawiki/recentchange/1.0.0,"{'uri': 'https://www.wikidata.org/wiki/Q3501941', 'request_id': '6f729be6-bbe5-4736-bcbc-fad43b2fecca', 'id': 'f4741c03-45e9-45d4-a4d8-aaf1114e33a5', 'dt': '2021-10-06T13:27:35Z', 'domain': 'www.wikidata.org', 'stream': 'mediawiki.recentchange', 'topic': 'eqiad.mediawiki.recentchange', 'partition': 0, 'offset': 3347613074}",1556012980.0,edit,0,Q3501941,"/* wbsetdescription-add:1|yo */ agbábọ́ọ̀lù ọmọ orílẹ èdè Faransé, [[:toollabs:quickstatements/#/batch/66802|batch #66802]]",1633526855,T Cells,,,,,,https://www.wikidata.org,www.wikidata.org,/w,wikidatawiki,"‎<span dir=""auto""><span class=""autocomment"">Added [yo] description: </span></span> agbábọ́ọ̀lù ọmọ orílẹ èdè Faransé, <a href=""https://iw.toolforge.org/quickstatements/#.2Fbatch.2F66802"" class=""extiw"" title=""toollabs:quickstatements/"">batch #66802</a>",False,True,"{'old': 19675, 'new': 19785}","{'old': 1508596936, 'new': 1508596938}",False
21,/mediawiki/recentchange/1.0.0,"{'uri': 'https://www.wikidata.org/wiki/Q770000', 'request_id': '35395b1a-d0ba-475d-8354-69dbbdb871a8', 'id': '37ef596c-882a-4bba-ba76-3d899c1a3d3c', 'dt': '2021-10-06T13:27:34Z', 'domain': 'www.wikidata.org', 'stream': 'mediawiki.recentchange', 'topic': 'eqiad.mediawiki.recentchange', 'partition': 0, 'offset': 3347613075}",1556012982.0,edit,0,Q770000,"/* wbsetclaim-create:2||1 */ [[Property:P444]]: 49%, Add Rotten Tomatoes score.",1633526854,RottenBot,,,,,,https://www.wikidata.org,www.wikidata.org,/w,wikidatawiki,"‎<span dir=""auto""><span class=""autocomment"">Created claim: </span></span> <a href=""/wiki/Property:P444"" title=""Property:P444"">Property:P444</a>: 49%, Add Rotten Tomatoes score.",False,True,"{'old': 123033, 'new': 126131}","{'old': 1441747763, 'new': 1508596933}",True
22,/mediawiki/recentchange/1.0.0,"{'uri': 'https://www.wikidata.org/wiki/Q5827917', 'request_id': 'ca4b92ce-37d7-421f-a2ec-623428dc357a', 'id': '2ff70ed2-65da-4246-bee8-12308b59fa92', 'dt': '2021-10-06T13:27:35Z', 'domain': 'www.wikidata.org', 'stream': 'mediawiki.recentchange', 'topic': 'eqiad.mediawiki.recentchange', 'partition': 0, 'offset': 3347613076}",1556012981.0,edit,0,Q5827917,/* wbsetdescription-set:1|en */ Wikimedia infobox template,1633526855,SomeRandomPasserby,,,,,,https://www.wikidata.org,www.wikidata.org,/w,wikidatawiki,"‎<span dir=""auto""><span class=""autocomment"">Changed English description: </span></span> Wikimedia infobox template",False,True,"{'old': 49444, 'new': 49452}","{'old': 1508321972, 'new': 1508596939}",False
23,/mediawiki/recentchange/1.0.0,"{'uri': 'https://en.wikipedia.org/wiki/User:102.91.5.187', 'request_id': '79003912-9625-48f1-9ad8-e7af0a0a43c4', 'id': 'd91f6eb0-8fe7-497f-bae8-4171134a8165', 'dt': '2021-10-06T13:27:36Z', 'domain': 'en.wikipedia.org', 'stream': 'mediawiki.recentchange', 'topic': 'eqiad.mediawiki.recentchange', 'partition': 0, 'offset': 3347613077}",1430186587.0,log,2,User:102.91.5.187,{{blocked p2p proxy|ip=102.91.5.187|isp=MTNN-ABUJA-REGION-PREFIXES}} <!-- API-confirmed P2P VPN -->,1633526856,ST47ProxyBot,122426223.0,block,block,"{'duration': '71 hours', 'flags': 'anononly,nocreate', 'sitewide': True}","blocked User:102.91.5.187 (anon. only, account creation blocked) with an expiry time of 2 days and 23 hours: {{blocked p2p proxy|ip=102.91.5.187|isp=MTNN-ABUJA-REGION-PREFIXES}} <!-- API-confirmed P2P VPN -->",https://en.wikipedia.org,en.wikipedia.org,/w,enwiki,{{blocked p2p proxy|ip=102.91.5.187|isp=MTNN-ABUJA-REGION-PREFIXES}} &lt;!-- API-confirmed P2P VPN --&gt;,,,,,True
24,/mediawiki/recentchange/1.0.0,"{'uri': 'https://www.wikidata.org/wiki/Q15512124', 'request_id': '603c1cd6-efdb-42d5-b61c-da7b305ba90d', 'id': 'c175d0c1-c55c-4f27-8d68-ef28ca1dac76', 'dt': '2021-10-06T13:27:35Z', 'domain': 'www.wikidata.org', 'stream': 'mediawiki.recentchange', 'topic': 'eqiad.mediawiki.recentchange', 'partition': 0, 'offset': 3347613078}",1556012984.0,edit,0,Q15512124,/* wbsetreference-set:2| */ [[Property:P141]]: [[Q211005]],1633526855,SuccuBot,,,,,,https://www.wikidata.org,www.wikidata.org,/w,wikidatawiki,"‎<span dir=""auto""><span class=""autocomment"">Fundstelle der Aussage geändert: </span></span> <a href=""/wiki/Property:P141"" title=""Property:P141"">Property:P141</a>: <a href=""/wiki/Q211005"" title=""Q211005"">Q211005</a>",False,True,"{'old': 20384, 'new': 20384}","{'old': 1462243173, 'new': 1508596940}",True
25,/mediawiki/recentchange/1.0.0,"{'uri': 'https://www.wikidata.org/wiki/Q3501945', 'request_id': '828de57c-e88f-43a3-a41d-c0078d06da57', 'id': '3b356442-edbf-40e0-8dfd-f501a76ebbc4', 'dt': '2021-10-06T13:27:35Z', 'domain': 'www.wikidata.org', 'stream': 'mediawiki.recentchange', 'topic': 'eqiad.mediawiki.recentchange', 'partition': 0, 'offset': 3347613079}",1556012983.0,edit,0,Q3501945,"/* wbsetlabel-add:1|yo */ Stéphane Mazzolini, [[:toollabs:quickstatements/#/batch/66802|batch #66802]]",1633526855,T Cells,,,,,,https://www.wikidata.org,www.wikidata.org,/w,wikidatawiki,"‎<span dir=""auto""><span class=""autocomment"">Added [yo] label: </span></span> Stéphane Mazzolini, <a href=""https://iw.toolforge.org/quickstatements/#.2Fbatch.2F66802"" class=""extiw"" title=""toollabs:quickstatements/"">batch #66802</a>",False,True,"{'old': 22823, 'new': 22901}","{'old': 1412172568, 'new': 1508596943}",False
26,/mediawiki/recentchange/1.0.0,"{'uri': 'https://www.wikidata.org/wiki/Q3501941', 'request_id': '11435e7c-9698-489a-9a09-eb603ba7fa3a', 'id': '61a8213c-dae1-4b51-ab32-f5a259482fce', 'dt': '2021-10-06T13:27:35Z', 'domain': 'www.wikidata.org', 'stream': 'mediawiki.recentchange', 'topic': 'eqiad.mediawiki.recentchange', 'partition': 0, 'offset': 3347613080}",1556012985.0,edit,0,Q3501941,"/* wbcreateclaim-create:1| */ [[Property:P1532]]: [[Q142]], [[:toollabs:quickstatements/#/batch/66802|batch #66802]]",1633526855,T Cells,,,,,,https://www.wikidata.org,www.wikidata.org,/w,wikidatawiki,"‎<span dir=""auto""><span class=""autocomment"">Created claim: </span></span> <a href=""/wiki/Property:P1532"" title=""Property:P1532"">Property:P1532</a>: <a href=""/wiki/Q142"" title=""Q142"">Q142</a>, <a href=""https://iw.toolforge.org/quickstatements/#.2Fbatch.2F66802"" class=""extiw"" title=""toollabs:quickstatements/"">batch #66802</a>",False,True,"{'old': 19785, 'new': 20210}","{'old': 1508596938, 'new': 1508596942}",False
27,/mediawiki/recentchange/1.0.0,"{'uri': 'https://www.wikidata.org/wiki/Q73975149', 'request_id': '767e99e0-07d6-4afd-a856-a4aec1058dac', 'id': '52dbd56e-5e87-4ea4-a28b-68bf2afc1095', 'dt': '2021-10-06T13:27:35Z', 'domain': 'www.wikidata.org', 'stream': 'mediawiki.recentchange', 'topic': 'eqiad.mediawiki.recentchange', 'partition': 0, 'offset': 3347613081}",1556012987.0,edit,0,Q73975149,/* wbeditentity-update-languages-short:0||hy */ +hy:1956 թվականի հունվարի 1-ին հրատարակված գիտական հոդված description based on en:scientific article published on 01 January 1956,1633526855,ԱշբոտՏՆՂ,,,,,,https://www.wikidata.org,www.wikidata.org,/w,wikidatawiki,"‎<span dir=""auto""><span class=""autocomment"">Changed label, description and/or aliases in hy: </span></span> +hy:1956 թվականի հունվարի 1-ին հրատարակված գիտական հոդված description based on en:scientific article published on 01 January 1956",False,True,"{'old': 21918, 'new': 22071}","{'old': 1119667802, 'new': 1508596937}",True
28,/mediawiki/recentchange/1.0.0,"{'uri': 'https://www.wikidata.org/wiki/Q108813378', 'request_id': 'b534e7a8-1bf5-463f-9f67-b64ed889ebc8', 'id': 'a227debf-dd34-4746-bbae-71e2a323e6e9', 'dt': '2021-10-06T13:27:35Z', 'domain': 'www.wikidata.org', 'stream': 'mediawiki.recentchange', 'topic': 'eqiad.mediawiki.recentchange', 'partition': 0, 'offset': 3347613082}",1556012988.0,new,0,Q108813378,/* wbeditentity-create-item:0| */ #quickstatements; [[:toollabs:editgroups/b/CB/615d8fef96f3c004122959|details]]; invoked by mixnmatch:CreateNewItemsFromCatalogWithNoSearchResults from catalog 4732,1633526855,Reinheitsgebot,,,,,,https://www.wikidata.org,www.wikidata.org,/w,wikidatawiki,"‎<span dir=""auto""><span class=""autocomment"">Created a new Item: </span></span> #quickstatements; <a href=""https://iw.toolforge.org/editgroups/b/CB/615d8fef96f3c004122959"" class=""extiw"" title=""toollabs:editgroups/b/CB/615d8fef96f3c004122959"">details</a>; invoked by mixnmatch:CreateNewItemsFromCatalogWithNoSearchResults from catalog 4732",False,True,{'new': 6060},{'new': 1508596941},True
29,/mediawiki/recentchange/1.0.0,"{'uri': 'https://ru.wikipedia.org/wiki/%D0%9A%D0%BE%D0%B0%D0%B3%D1%83%D0%BB%D1%8F%D1%86%D0%B8%D0%BE%D0%BD%D0%BD%D0%B0%D1%8F_%D1%81%D1%82%D1%80%D1%83%D0%BA%D1%82%D1%83%D1%80%D0%B0', 'request_id': '7ce89b1b-611d-419d-9f81-efdd5d62c971', 'id': '4dff6150-bea1-42bd-ae7e-7a63f11a3a07', 'dt': '2021-10-06T13:27:36Z', 'domain': 'ru.wikipedia.org', 'stream': 'mediawiki.recentchange', 'topic': 'eqiad.mediawiki.recentchange', 'partition': 0, 'offset': 3347613083}",,log,0,Коагуляционная структура,,1633526856,WindEwriX,86425768.0,review,approve-i,"[78907840, 0, '20160611175745']",WindEwriX отпатрулировал версию страницы [[Коагуляционная структура]],https://ru.wikipedia.org,ru.wikipedia.org,/w,ruwiki,,,,,,False
